Lektion;Hebräisch;Deutsch;Wortart;;
  יחידה / Einheit I;;;;;
I;אני;ich;Pronomen;;
I;אַתְּ;du (weiblich);Pronomen;;
I;אתה;du (männlich);Pronomen;;
I;היא;sie;Pronomen;;
I;אימא;Mutter;Nomen;;
I;יין;Wein;Nomen;;
I;ים;Meer;Nomen;;
I;מים;Wasser;Nomen;;
I;מתנה;Geschenk;Nomen;;
I;מה?;was?;Fragewort;;
I;מי?;wer?;Fragewort;;
I;היי!;Hallo!;Andere;;
  יחידה / Einheit II;;;;;
II;איש;Mann;Nomen;;
II;אישה;Frau / Ehefrau;Nomen;;
II;גלידה;Eis / Eiscreme;Nomen;;
II;דגל;Fahne / Flagge;Nomen;;
II;הר;Berg;Nomen;;
II;ילד;Junge / Kind;Nomen;;
II;ילדה;Mädchen / Kind;Nomen;;
II;שיר;Lied / Gedicht;Nomen;;
II;שמש;Sonne;Nomen;;
II;תלמיד / תלמידה;Schüler / Schülerin;Nomen;;
II;מרגרינה;Margarine;Nomen;;
II;תה;Tee;Nomen;;
II;ה...;der / die / das ;Andere;;
II;מ... / מ...;von / aus;Andere;;
II;של;von / gehörend zu;Andere;;
II;הִנֵּה;da ist / hier ist;Andere;;
II;שם;dort;Andere;;
II;גם;auch;Andere;;
II;מאין?;woher?;Fragewort;;
  יחידה / Einheit III;;;;;
III;גָּר / גָּרָה ;wohnen / leben;Verb;;
III;לומד / למדת ;lernen / studieren;Verb;;
III;שָׁר / שָׁרָה;singen;Verb;;
III;אנגלית;Englisch (Sprache);Nomen;;
III;גרמנית;Deutsch (Sprache);Nomen;;
III;חלה;Challah (Brot);Nomen;;
III;יידיש;Jiddisch (Sprache);Nomen;;
III;לחם;Brot;Nomen;;
III;לימון;Zitrone;Nomen;;
III;מוֹרֶה / מוֹרָה ;Lehrer/in;Nomen;;
III;מלח;Salz;Nomen;;
III;רומנית;Rumänisch (Sprache);Nomen;;
III;וידאו;Video;Nomen;;
III;זוֹאוֹלוֹגְיָה;Zoologie;Nomen;;
III;טלוויזיה;Fernseher / TV;Nomen;;
III;מיונז;Mayonnaise;Nomen;;
III;מנטה;Minze;Nomen;;
III;רדיו;Radio;Nomen;;
III;אתם;ihr (männl.);Pronomen;;
III;אתן;ihr (weibl.);Pronomen;;
III;הם;sie (männl. Pl.);Pronomen;;
III;הן;sie (weibl. Pl.);Pronomen;;
III;זה;das / dieser (männl.);Pronomen;;
III;זאת;das / diese (weibl.);Pronomen;;
III;אלה;diese (Pl.);Pronomen;;
III;או;oder;Andere;;
III;וְ...;und...;Andere;;
III;לא;nein / nicht;Andere;;
III;להתראות!;auf Wiedersehen!;Andere;;
III;שלום;Hallo / Auf Wiedersehen / Frieden;Andere;;
III;תודה;Danke;Andere;;
  יחידה / Einheit IV;;;;;
IV;עוֹשֶׂה / עוֹשָׂה;machen / tun;Verb;;
IV;רוֹצֶה / רוֹצָה;wollen / möchten;Verb;;
IV;שׁוֹתֶה / שׁוֹתָה;trinken;Verb;;
IV;אנחנו;wir;Pronomen;;
IV;הוא;er;Pronomen;;
IV;אולי;vielleicht;Andere;;
IV;ארץ;Land / Erde;Nomen;;
IV;מיץ;Saft;Nomen;;
IV;מסעדה;Restaurant;Nomen;;
IV;עוגה;Kuchen;Nomen;;
IV;עיר;Stadt;Nomen;;
IV;סרט;Film;Nomen;;
IV;רגע;Moment / Augenblick;Nomen;;
IV;רוסית;Russisch (Sprache);Nomen;;
IV;אלקטרוניקה;Elektronik;Nomen;;
IV;מתמטיקה;Mathematik;Nomen;;
IV;סטודנט / סטודנטית;Student / Studentin;Nomen;;
IV;סלט;Salat;Nomen;;
IV;קוֹמוּנִיקַצְיָה;Kommunikation;Nomen;;
IV;קונצרט;Konzert;Nomen;;
IV;קוקה קולה;Coca-Cola;Nomen;;
IV;קיוסק;Kiosk;Nomen;;
IV;שוקולד;Schokolade;Nomen;;
IV;ל...;für / zu (Richtungspartikel);Andere;;
IV;עם;mit;Andere;;
IV;לאן?;wohin?;Fragewort;;
IV;מה נשמע?;Was gibt's? / Wie geht's?;Andere;;
IV;מצוין;ausgezeichnet / wunderbar;Adjektiv;;
IV;נעים מאוד;sehr angenehm / freut mich;Andere;;
IV;סליחה;Entschuldigung / Verzeihung;Andere;;
IV;לעשות חיים;Spaß haben;Andere;;
IV;קצת;ein bisschen;Andere;;
IV;רק;nur;Andere;;
IV;אוקיי;okay;Andere;;
  יחידה / Einheit V;;;;;
V;מְדַבֵּר / מְדַבֶּרֶת;sprechen / reden;Verb;;
V;אבא;Vater / Papa;Nomen;;
V;אולפן;Ulpan (Hebräischkurs);Nomen;;
V;אשכולית;Grapefruit;Nomen;;
V;בית;Haus;Nomen;;
V;בננה;Banane;Nomen;;
V;יפנית;Japanisch (Sprache);Nomen;;
V;כיתה;Klassenzimmer / Klasse;Nomen;;
V;משפחה;Familie;Nomen;;
V;עולם;Welt;Nomen;;
V;פּוֹלִיטִיקָה;Politik;Nomen;;
V;פּוֹלָנִית ;Polnisch (Sprache);Nomen;;
V;פּוֹרְטוּגֶזִית ;Portugiesisch (Sprache);Nomen;;
V;סוכר;Zucker;Nomen;;
V;סופרמרקט;Supermarkt;Nomen;;
V;תאטרון;Theater;Nomen;;
V;תפוז;Orange;Nomen;;
V;ב...;in / an / bei (Präposition);Andere;;
V;ליד;neben / bei;Andere;;
V;על;auf / über / zu;Andere;;
V;אין;es gibt nicht / kein;Andere;;
V;בסדר;in Ordnung / okay;Andere;;
V;הכול;alles;Andere;;
V;הרבה;viel / sehr;Andere;;
V;יש;es gibt / es ist vorhanden;Andere;;
V;כן;ja;Andere;;
V;פה;hier;Andere;;
  יחידה / Einheit VI;;;;;
VI;אוהב / אוהבת ;lieben / mögen;Verb;;
VI;בא / באה;kommen;Verb;;
VI;הולך / הולכת;gehen / laufen;Verb;;
VI;כותב / כותבת;schreiben;Verb;;
VI;קורא / קוראת ;lesen / rufen;Verb;;
VI;חלב;Milch;Nomen;;
VI;מחשב;Computer;Nomen;;
VI;מכתב;Brief;Nomen;;
VI;בית מלון;Hotel;Nomen;;
VI;ספר;Buch;Nomen;;
VI;ספרדית;Spanisch (Sprache);Nomen;;
VI;ערבית;Arabisch (Sprache);Nomen;;
VI;צרפתית;Französisch (Sprache);Nomen;;
VI;שיעור;Stunde / Unterricht;Nomen;;
VI;אוניברסיטה;Universität;Nomen;;
VI;אבוקדו;Avocado;Nomen;;
VI;אינטרנט;Internet;Nomen;;
VI;בנק;Bank;Nomen;;
VI;מוזיקה;Musik;Nomen;;
VI;פלאפל;Falafel;Nomen;;
VI;פרופסור;Professor/in;Nomen;;
VI;קפה;Kaffee;Nomen;;
VI;הכנסת;die Knesset (israelisches Parlament);Nomen;;
VI;בבקשה;bitte;Andere;;
VI;בוקר טוב;Guten Morgen;Andere;;
VI;ברוך השם;Gott sei Dank;Andere;;
VI;ברוכים הבאים!;Willkommen!;Andere;;
VI;דרישת שלום;Grüße ausrichten;Andere;;
VI;טוב;gut;Adjektiv;;
VI;יופי!;Super! / Toll!;Andere;;
VI;מאוד;sehr;Andere;;
VI;מָה שְׁלוֹמֵךְ?;Wie geht es dir? (weibl.);Fragewort;;
VI;מָה שְׁלוֹמְךָ?;Wie geht es dir? (männl.);Fragewort;;
VI;עכשיו;jetzt;Andere;;
VI;ערב טוב;Guten Abend;Andere;;
VI;אבל;aber;Andere;;
VI;איפה?;wo?;Fragewort;;
  יחידה / Einheit VII;;;;;
VII;יודע;wissen / kennen;Verb;;
VII;חדשות;Nachrichten;Nomen;;
VII;חֶצִי;Hälfte;Nomen;;
VII;רבע;Viertel;Nomen;;
VII;שעה;Stunde;Nomen;;
VII;שעון;Uhr / Armbanduhr;Nomen;;
VII;שקט;Ruhe / Stille;Nomen;;
VII;סונטה;Sonate;Nomen;;
VII;סינית;Chinesisch (Sprache);Nomen;;
VII;סנדוויץ׳;Sandwich;Nomen;;
VII;צ׳יפס;Pommes / Chips;Nomen;;
VII;צ׳כית;Tschechisch (Sprache);Nomen;;
VII;צ׳לו;Cello;Nomen;;
VII;צ׳מבלו;Cembalo ;Nomen;;
VII;קונצ׳רטו;Konzert;Nomen;;
VII;קטשופ;Ketchup;Nomen;;
VII;אחת;eins (weibl.);Zahl;;
VII;שתיים;zwei (weibl.);Zahl;;
VII;שלוש;drei (weibl.);Zahl;;
VII;ארבע;vier (weibl.);Zahl;;
VII;חמש;fünf (weibl.);Zahl;;
VII;שש;sechs (weibl.);Zahl;;
VII;שבע;sieben (weibl.);Zahl;;
VII;שמונה;acht (weibl.);Zahl;;
VII;תשע;neun (weibl.);Zahl;;
VII;עשר;zehn (weibl.);Zahl;;
VII;אחת עשרה;elf (weibl.);Zahl;;
VII;שתים עשרה;zwölf (weibl.);Zahl;;
VII;אז;dann / damals;Andere;;
VII;איזה מזל!;Was für ein Glück!;Andere;;
VII;מה השעה?;Wie spät ist es?;Andere;;
  יחידה / Einheit א;;;;;
א;חָבֵר / חֲבֵרָה;Freund / Freundin;Nomen;;
א;מִשְׁנָה;Mischna;Nomen;;
א;קיבוץ;Kibbuz;Nomen;;
א;שבת;Schabbat / Samstag;Nomen;;
א;תלמוד;Talmud;Nomen;;
א;תנ״ך;Tanach (Bibel);Nomen;;
א;דיסקוטק;Diskothek;Nomen;;
א;טלפון;Telefon;Nomen;;
א;יוגה;Yoga;Nomen;;
א;מדיטציה;Meditation;Nomen;;
א;פילוסופיה;Philosophie;Nomen;;
א;פיקניק;Picknick;Nomen;;
א;קפטריה;Cafeteria / Mensa;Nomen;;
א;כולם;alle / jeder;Andere;;
  יחידה / Einheit 1;;;;;
1;אומר;sagen;Verb;;
1;מבין;verstehen;Verb;;
1;מצטער;tut mir leid / es tut mir leid;Verb;;
1;נוסע;fahren / reiten;Verb;;
1;עובד;arbeiten;Verb;;
1;קונה;kaufen;Verb;;
1;שומע;hören;Verb;;
1;אפס;Null;Nomen;;
1;בוקר;Morgen;Nomen;;
1;חנות;Laden / Geschäft;Nomen;;
1;לחמנייה;Brötchen;Nomen;;
1;לילה;Nacht;Nomen;;
1;מִסְפָּר;Nummer / Zahl;Nomen;;
1;ספרייה;Bibliothek;Nomen;;
1;עבודה;Arbeit;Nomen;;
1;ערב;Abend;Nomen;;
1;צהריים;Mittag;Nomen;;
1;רחוב;Straße;Nomen;;
1;שירותים;Toilette / WC;Nomen;;
1;אוטובוס;Bus;Nomen;;
1;הלו;Hallo (am Telefon);Nomen;;
1;ארכאולוג / ארכאולוגית;Archäologe / Archäologin;Nomen;;
1;דוקטור;Doktor / Ärztin;Nomen;;
1;היסטוריה;Geschichte (Fach);Nomen;;
1;סימפוניה;Sinfonie;Nomen;;
1;רוק;Rock (Musik);Nomen;;
1;ציבורי;öffentlich;Adjektiv;;
1;אין דבר;macht nichts / bitte;Andere;;
1;בטח;natürlich / sicher;Andere;;
1;גם וגם;sowohl... als auch;Andere;;
1;ימינה;nach rechts;Andere;;
1;ישר;geradeaus;Andere;;
1;מודיעין;Auskunft / Telefonbuch;Nomen;;
1;נכון;richtig / stimmt;Andere;;
1;שמאלה;nach links;Andere;;
1;שתי-;zwei (vor Nomen);Andere;;
1;איך?;wie?;Fragewort;;
1;כמה?;wie viel / wie viele?;Fragewort;;
1;מתי?;wann?;Fragewort;;
  יחידה / Einheit 2;;;;;
2;אהבה;Liebe;Nomen;;
2;ארמון;Schloss / Palast;Nomen;;
2;בחור / בחורה;junger Mann / junge Frau;Nomen;;
2;גינה;Garten;Nomen;;
2;דירה;Wohnung;Nomen;;
2;חדר;Zimmer;Nomen;;
2;חנוכייה;Chanukka-Leuchter;Nomen;;
2;מַחְבֶּרֶת;Heft / Notizbuch;Nomen;;
2;מטבח;Küche;Nomen;;
2;מקלחת;Dusche;Nomen;;
2;עץ;Baum;Nomen;;
2;ציור;Zeichnung / Gemälde;Nomen;;
2;שולחן;Tisch;Nomen;;
2;אמפיתאטרון;Amphitheater;Nomen;;
2;בלט;Ballett;Nomen;;
2;סלון;Wohnzimmer / Salon;Nomen;;
2;קיסר / קיסרית;Kaiser / Kaiserin;Nomen;;
2;גדול;groß;Adjektiv;;
2;חדש;neu;Adjektiv;;
2;טוב;gut;Adjektiv;;
2;יפה;schön / hübsch;Adjektiv;;
2;ישן;alt / antik;Adjektiv;;
2;מיוחד;besonders / speziell;Adjektiv;;
2;מצוין;ausgezeichnet;Adjektiv;;
2;נחמד;nett / angenehm;Adjektiv;;
2;עתיק;antik / uralt;Adjektiv;;
2;קטן;klein;Adjektiv;;
2;מודרני;modern;Adjektiv;;
2;קלסי;klassisch;Adjektiv;;
2;בקשר לְ ...;bezüglich / in Bezug auf;Andere;;
2;כמו;wie / ähnlich wie;Andere;;
2;למשל;zum Beispiel;Andere;;
2;לפעמים;manchmal;Andere;;
2;על שם;benannt nach;Andere;;
2;איזה? / איזו? / אִילּוּ?;welche/r/s?;Fragewort;;
  יחידה / Einheit 3;;;;;
3;אוֹכֵל;essen;Verb;;
3;יושב;sitzen;Verb;;
3;מטייל;spazieren gehen / reisen;Verb;;
3;עולה;kosten / aufsteigen;Verb;;
3;אוהל;Zelt;Nomen;;
3;אכסניה;Herberge / Hostel;Nomen;;
3;בית כנסת;Synagoge;Nomen;;
3;גבר;Mann;Nomen;;
3;דקה;Minute;Nomen;;
3;יום;Tag;Nomen;;
3;כיסא;Stuhl;Nomen;;
3;מיטה;Bett;Nomen;;
3;מילה;Wort;Nomen;;
3;מקום;Ort / Platz;Nomen;;
3;פִּיתָּה;Pita (Fladenbrot);Nomen;;
3;רהיט;Möbelstück;Nomen;;
3;שטיח;Teppich;Nomen;;
3;שקל;Schekel (Währung);Nomen;;
3;חומוס;Hummus / Kichererbsen;Nomen;;
3;כספומט;Geldautomat;Nomen;;
3;בדווי;Beduine;Nomen;;
3;אחר;anders / ein anderer;Adjektiv;;
3;בשרי;Fleisch- (nicht koscher mit Milch);Adjektiv;;
3;חלבי;Milch- (nicht koscher mit Fleisch);Adjektiv;;
3;ישראלי;israelisch;Adjektiv;;
3;אחד;eins (männl.);Zahl;;
3;שניים;zwei (männl.);Zahl;;
3;שלושה;drei (männl.);Zahl;;
3;ארבעה;vier (männl.);Zahl;;
3;חמישה;fünf (männl.);Zahl;;
3;שישה;sechs (männl.);Zahl;;
3;שבעה;sieben (männl.);Zahl;;
3;שְׁמוֹנָה;acht (männl.);Zahl;;
3;תשעה;neun (männl.);Zahl;;
3;עֲשַׂרָה;zehn (männl.);Zahl;;
3;אלף;tausend;Zahl;;
3;חמישים;fünfzig;Zahl;;
3;מאה;hundert;Zahl;;
3;אלפיים;zweitausend;Zahl;;
3;כל-;jeder / alle / jede;Andere;;
3;משהו;etwas;Andere;;
3;עוד;noch / mehr;Andere;;
3;תודה רבה;vielen Dank;Andere;;
  יחידה / Einheit 4;;;;;
4;מחפש;suchen;Verb;;
4;מכיר;kennen / erkennen;Verb;;
4;פוגש;treffen / begegnen;Verb;;
4;רואה;sehen;Verb;;
4;דּוֹד / דודה;Onkel / Tante;Nomen;;
4;כסף;Geld;Nomen;;
4;מוֹכֵר / מוכרת;Verkäufer/in;Nomen;;
4;עיתון;Zeitung;Nomen;;
4;שבוע;Woche;Nomen;;
4;תיק;Tasche / Mappe;Nomen;;
4;דְּיוּטִי פְרִי;Duty-free;Nomen;;
4;טַאי צִ'י;Tai Chi;Nomen;;
4;טחינה;Tahini (Sesammus);Nomen;;
4;פספורט;Reisepass;Nomen;;
4;סִיגַרְיָה;Zigarette;Nomen;;
4;זול;billig / günstig;Adjektiv;;
4;נכון;richtig / korrekt;Adjektiv;;
4;היום;heute;Andere;;
4;הכותל המערבי;die Klagemauer;Nomen;;
4;זהו;das ist es / fertig;Andere;;
4;מחר;morgen;Andere;;
4;יום ראשון;Sonntag;Andere;;
4;יום שני;Montag;Andere;;
4;יום שלישי;Dienstag;Andere;;
4;יום רביעי;Mittwoch;Andere;;
4;יום חמישי;Donnerstag;Andere;;
4;יום שישי;Freitag;Andere;;
  יחידה / Einheit 5;;;;;
5;חושב;denken / nachdenken;Verb;;
5;לובש;anziehen / tragen;Verb;;
5;רץ;laufen / rennen;Verb;;
5;שואל;fragen;Verb;;
5;אָלֶף-בֵּית;Alphabet;Nomen;;
5;בגד;Kleidungsstück;Nomen;;
5;בעל;Ehemann / Eigentümer;Nomen;;
5;גְּנִיזָה;Geniza (Archiv);Nomen;;
5;זמן;Zeit;Nomen;;
5;יהודי / יהודייה;Jude / Jüdin;Nomen;;
5;מאה;Jahrhundert (wörtl.: hundert);Nomen;;
5;רב;Rabbiner;Nomen;;
5;שֵׁם;Name;Nomen;;
5;אִי-מֵיל;E-Mail;Nomen;;
5;מוזיקלי;musikalisch;Adjektiv;;
5;ג׳ינס;Jeans;Nomen;;
5;קורס;Kurs;Nomen;;
5;קריירה;Karriere;Nomen;;
5;בשקט;leise / ruhig;Andere;;
5;לאט;langsam;Andere;;
5;מהר;schnell;Andere;;
5;מישהו;jemand;Andere;;
5;קשה;schwer / schwierig;Andere;;
5;מֵה שְמֵךְ?;Wie heißt du? (weibl.);Fragewort;;
5;מֵה שִמְךָ?;Wie heißt du? (männl.);Fragewort;;
5;שמי;mein Name ist / ich heiße;Andere;;
  יחידה / Einheit 6;;;;;
6;חוזר;zurückkehren / zurückgehen;Verb;;
6;מְשַׂחֵק;spielen;Verb;;
6;קם;aufstehen;Verb;;
6;רוקד;tanzen;Verb;;
6;אדם;Mensch / Mensch;Nomen;;
6;אוכל;Essen / Nahrung;Nomen;;
6;ארוחה;Mahlzeit;Nomen;;
6;בית ספר;Schule;Nomen;;
6;הורים;Eltern;Nomen;;
6;הפסקה;Pause / Auszeit;Nomen;;
6;חקלאות;Landwirtschaft;Nomen;;
6;טבע;Natur;Nomen;;
6;טיול;Ausflug / Wanderung;Nomen;;
6;מכונה;Maschine;Nomen;;
6;מתנדב / מתנדבת;Freiwillige/r;Nomen;;
6;שאלה;Frage;Nomen;;
6;תבלין;Gewürz;Nomen;;
6;אִידֵאוֹלוֹגְיָה;Ideologie;Nomen;;
6;דִּיאֶטָה;Diät;Nomen;;
6;כִימִיקָלים;Chemikalien;Nomen;;
6;מוֹדֶרְנִיזַצְיָה;Modernisierung;Nomen;;
6;מִיקְרוֹ-גַּל;Mikrowelle;Nomen;;
6;קילומטר;Kilometer;Nomen;;
6;אורגני;organisch / bio;Adjektiv;;
6;אַנְתְּרוֹפּוֹסוֹפִי;anthroposophisch;Adjektiv;;
6;מעניין;interessant;Adjektiv;;
6;נעים;angenehm / nett;Adjektiv;;
6;קל;leicht / einfach;Adjektiv;;
6;עשרים;zwanzig;Zahl;;
6;שלושים;dreißig;Zahl;;
6;ארבעים;vierzig;Zahl;;
6;חמישים;fünfzig;Zahl;;
6;שישים;sechzig;Zahl;;
6;שבעים;siebzig;Zahl;;
6;שמונים;achtzig;Zahl;;
6;תשעים;neunzig;Zahl;;
6;מאה;hundert;Zahl;;
6;בית ילדים;Kinderhaus (im Kibbuz);Andere;;
6;בלי;ohne;Andere;;
6;ביחד;zusammen;Andere;;
6;כי;weil / denn;Andere;;
6;לפי;gemäß / nach;Andere;;
6;מה נשמע?;Was ist los? / Was gibt's?;Andere;;
6;ערב שבת;Freitagabend / Schabbatbeginn;Andere;;
6;למה?;warum?;Fragewort;;
  יחידה / Einheit ב;;;;;
ב;אנרגיה;Energie;Nomen;;
ב;סימסטר;Semester;Nomen;;
ב;אידאלי;ideal;Adjektiv;;
ב;נוֹרְמָלִי;normal;Adjektiv;;
ב;רֵאָלִי;real / realistisch;Adjektiv;;
ב;רֶפוֹרְמִי;reformiert (jüdisch);Adjektiv;;
  יחידה / Einheit 7;;;;;
7;בונה;bauen / aufbauen;Verb;;
7;להיות;sein;Verb;;
7;עולה;einwandern / aufsteigen;Verb;;
7;בחינה;Prüfung / Examen;Nomen;;
7;בעיה;Problem;Nomen;;
7;כובע;Hut / Mütze;Nomen;;
7;כרטיס;Ticket / Karte;Nomen;;
7;מדריך / מדריכה;Reiseführer/in / Betreuer/in;Nomen;;
7;מלחמה;Krieg;Nomen;;
7;סיפור;Geschichte / Erzählung;Nomen;;
7;סנדל;Sandale;Nomen;;
7;צבא;Armee / Militär;Nomen;;
7;שמים;Himmel;Nomen;;
7;שנה;Jahr;Nomen;;
7;אופטימיות;Optimismus;Nomen;;
7;הומור;Humor;Nomen;;
7;שׁוֹקוֹ;Kakao;Nomen;;
7;כאפייה;Kufiya ;Nomen;;
7;סינמטק;Kinemathek / Filmclub;Nomen;;
7;סלנג;Slang;Nomen;;
7;פסטיבל;Festival;Nomen;;
7;קונפליקט;Konflikt;Nomen;;
7;אשכנזי;Aschkenase (europ. Jude);Adjektiv;;
7;משוגע;verrückt;Adjektiv;;
7;ספרדי;sephardisch / spanisch;Adjektiv;;
7;עֲרָבִי;arabisch;Adjektiv;;
7;ציוני;zionistisch;Adjektiv;;
7;דוקומנטרי;dokumentarisch;Adjektiv;;
7;טראגי;tragisch;Adjektiv;;
7;די;genug! / Schluss!;Andere;;
7;יוֹמְיוֹם;täglich / Alltagsleben;Andere;;
7;כּוֹבַע טֶמְבֶּל;Tembel-Hut (israel. Wahrzeichen);Nomen;;
7;כל הַ...;all die... / das ganze...;Andere;;
7;מספיק;genug;Andere;;
7;עד;bis / zu;Andere;;
7;עולה חדש;Neu-Einwanderer/in (nach Israel);Nomen;;
7;שום דבר;nichts;Andere;;
7;שנות החמישים;die Fünfziger Jahre;Andere;;
7;שנות השישים;die Sechziger Jahre;Andere;;
7;ינואר;Januar;Andere;;
7;פברואר;Februar;Andere;;
7;מרס;März;Andere;;
7;אפריל;April;Andere;;
7;מאי;Mai;Andere;;
7;יוּנִי;Juni;Andere;;
7;יולי;Juli;Andere;;
7;אוגוסט;August;Andere;;
7;ספטמבר;September;Andere;;
7;אוקטובר;Oktober;Andere;;
7;נובמבר;November;Andere;;
7;דצמבר;Dezember;Andere;;
  יחידה / Einheit 8;;;;;
8;יורד;hinuntergehen / absteigen;Verb;;
8;בית קפה;Café;Nomen;;
8;גלויה;Postkarte;Nomen;;
8;דרך;Weg / Straße;Nomen;;
8;חולה;Kranker;Nomen;;
8;חורף;Winter;Nomen;;
8;חלון;Fenster;Nomen;;
8;חשבון;Rechnung / Konto;Nomen;;
8;מִדְבָּר;Wüste;Nomen;;
8;מלצר / מלצרית;Kellner/in;Nomen;;
8;מַעֲייָן;Quelle (Wasser);Nomen;;
8;נוף;Aussicht / Landschaft;Nomen;;
8;שפה;Sprache;Nomen;;
8;תרגיל;Übung;Nomen;;
8;תייר / תיירת;Tourist/in;Nomen;;
8;בּוּרֶקָס;Burekas (Blätterteiggebäck);Nomen;;
8;טרמפ;Trampen ;Nomen;;
8;מינרל;Mineralwasser;Nomen;;
8;פיצה;Pizza;Nomen;;
8;פסטה פֶּסְטוֹ;Pesto-Pasta;Nomen;;
8;חם;heiß / warm;Adjektiv;;
8;כחול;blau;Adjektiv;;
8;כשר;koscher;Adjektiv;;
8;משעמם;langweilig;Adjektiv;;
8;קר;kalt;Adjektiv;;
8;קשה;schwierig / hart;Adjektiv;;
8;שָׁקֵט;ruhig / still;Adjektiv;;
8;אלגנטי;elegant;Adjektiv;;
8;באמצע;in der Mitte;Andere;;
8;בעוד...;in... (Zeitangabe: in einem Monat);Andere;;
8;הביתה;nach Hause;Andere;;
8;חו״ל;Ausland;Andere;;
8;כבר;schon / bereits;Andere;;
8;לבריאות!;Gesundheit! ;Andere;;
8;מה פתאום?!;Auf keinen Fall! / Was zur Hölle!;Andere;;
8;פתאום;plötzlich;Andere;;
8;תמיד;immer;Andere;;
8;אחלה;toll / super (Slang);Andere;;
8;בְּכֵּיף;mit Spaß / mit Vergnügen (Slang);Andere;;
8;וואלה;wirklich? / stimmt! (Slang);Andere;;
  יחידה / Einheit 9;;;;;
9;מקבל;bekommen / empfangen;Verb;;
9;משלם;bezahlen;Verb;;
9;שָׂם;legen / stellen;Verb;;
9;גבינה;Käse;Nomen;;
9;גנן;Gärtner;Nomen;;
9;זית;Olive;Nomen;;
9;ירק;Gemüse;Nomen;;
9;מסיבה;Party / Fest;Nomen;;
9;עגבנייה;Tomate;Nomen;;
9;פרח;Blume;Nomen;;
9;פרי;Frucht / Obst;Nomen;;
9;קניון;Einkaufszentrum;Nomen;;
9;שוק;Markt;Nomen;;
9;אופרה;Oper;Nomen;;
9;טוּנָה;Thunfisch;Nomen;;
9;סֶלֶרִי;Sellerie;Nomen;;
9;צֶ'ק;Scheck;Nomen;;
9;בריא;gesund;Adjektiv;;
9;מתוק;süß;Adjektiv;;
9;בהצלחה!;Viel Erfolg! / Viel Glück!;Andere;;
9;בן כמה?;Wie alt...? (männl.);Fragewort;;
9;בת כמה?;Wie alt...? (weibl.);Fragewort;;
9;לא חשוב;macht nichts / unwichtig;Andere;;
9;סוף שבוע;Wochenende;Nomen;;
9;שלוש עשרה;dreizehn;Zahl;;
9;ארבע עשרה;vierzehn;Zahl;;
9;חמש עשרה;fünfzehn;Zahl;;
9;שש עשרה;sechzehn;Zahl;;
9;שבע עשרה;siebzehn;Zahl;;
9;שמונה עשרה;achtzehn;Zahl;;
9;תשע עשרה;neunzehn;Zahl;;
9;עשרים;zwanzig;Zahl;;
  יחידה / Einheit 10;;;;;
10;מבין;verstehen;Verb;;
10;מזמין;einladen / bestellen;Verb;;
10;מסביר;erklären;Verb;;
10;מְסַפֵּר;erzählen;Verb;;
10;מפסיק;aufhören / stoppen;Verb;;
10;מצליח;erfolgreich sein / gelingen;Verb;;
10;מרגיש;fühlen;Verb;;
10;מתחיל;anfangen / beginnen;Verb;;
10;גן;Garten / Park;Nomen;;
10;חודש;Monat;Nomen;;
10;עיתונאי / עיתונאית;Journalist/in;Nomen;;
10;עתיד;Zukunft;Nomen;;
10;פלאפון;Mobiltelefon / Handy;Nomen;;
10;קיץ;Sommer;Nomen;;
10;אינטלקטואל;Intellektueller;Nomen;;
10;פוסט מודרני;postmodern;Adjektiv;;
10;פופולרי;populär / beliebt;Adjektiv;;
10;אחרון;letzt / zuletzt;Adjektiv;;
10;חשוב;wichtig;Adjektiv;;
10;יווני;griechisch;Adjektiv;;
10;נהדר;wunderbar / großartig;Adjektiv;;
10;אחרי;nach / danach;Andere;;
10;כך;so / auf diese Weise;Andere;;
10;מה קרה?;Was ist passiert?;Andere;;
10;ככה ככה;so lala (Slang);Andere;;
  יחידה / Einheit 11;;;;;
11;מפקסס;faxen;Verb;;
11;עובר;vorbeigehen / überqueren;Verb;;
11;שולח;schicken / senden;Verb;;
11;אגורה;Agora (1/100 Schekel);Nomen;;
11;אלוהים;Gott;Nomen;;
11;בול;Briefmarke;Nomen;;
11;בית חולים;Krankenhaus;Nomen;;
11;בקבוק;Flasche;Nomen;;
11;דואר;Post / Briefpost;Nomen;;
11;דואר אוויר;Luftpost;Nomen;;
11;חבילה;Paket;Nomen;;
11;יום הולדת;Geburtstag;Nomen;;
11;כלב / כלבה;Hund / Hündin;Nomen;;
11;מברק;Telegramm;Nomen;;
11;מזג אוויר;Wetter;Nomen;;
11;מעטפה;Umschlag / Briefumschlag;Nomen;;
11;משרד;Büro;Nomen;;
11;פקיד / פקידה;Bürokraft / Sachbearbeiter/in;Nomen;;
11;שיחה;Gespräch;Nomen;;
11;שיעורי בית;Hausaufgaben;Nomen;;
11;תיבת דואר;Briefkasten;Nomen;;
11;תפוח עץ;Apfel;Nomen;;
11;תשובה;Antwort;Nomen;;
11;גז;Gas;Nomen;;
11;אלקטרוני;elektronisch;Adjektiv;;
11;טלכרט;Telefonkarte;Nomen;;
11;פלאפון סלולרי;Mobiltelefon;Nomen;;
11;פַקְס;Fax;Nomen;;
11;יקר;teuer / lieb;Adjektiv;;
11;עצוב;traurig;Adjektiv;;
11;פשוט;einfach / schlicht;Adjektiv;;
11;קצר;kurz;Adjektiv;;
11;שמח;glücklich / fröhlich;Adjektiv;;
11;תן לי!;gib mir! (männl.);Andere;;
11;תְּנִי לי!;gib mir! (weibl.);Andere;;
  יחידה / Einheit 12;;;;;
12;מבקש;bitten / verlangen;Verb;;
12;ממשיך;weitermachen / fortfahren;Verb;;
12;מתחתן;heiraten;Verb;;
12;מִתְכַּתֵּב;korrespondieren / Briefe schreiben;Verb;;
12;מתלבש;sich anziehen / sich kleiden;Verb;;
12;מתפלל;beten;Verb;;
12;מתרגש;aufgeregt sein / sich aufregen;Verb;;
12;מתרחץ;sich waschen / sich baden;Verb;;
12;רוחץ;waschen;Verb;;
12;גיל;Alter;Nomen;;
12;גשם;Regen;Nomen;;
12;חג;Feiertag / Fest;Nomen;;
12;חתונה;Hochzeit;Nomen;;
12;חתן;Bräutigam;Nomen;;
12;טלית;Tallit (Gebetsschal);Nomen;;
12;יד;Hand;Nomen;;
12;ישיבה;Jeschiva (Talmud-Hochschule);Nomen;;
12;כַּלָּה;Braut;Nomen;;
12;מודעה;Anzeige / Bekanntmachung;Nomen;;
12;מזוזה;Mesusa (Türpfosten-Rolle);Nomen;;
12;מִקְוֶה;Mikwe (rituelles Bad);Nomen;;
12;פעם;Mal / einmal;Nomen;;
12;תפילה;Gebet;Nomen;;
12;פסיכולוג / פסיכולוגית;Psychologe / Psychologin;Nomen;;
12;אִינְטֶלִיגֶנְטִי;intelligent;Adjektiv;;
12;דתי;religiös;Adjektiv;;
12;צעיר;jung;Adjektiv;;
12;רב;viel / zahlreich;Adjektiv;;
12;שחור;schwarz;Adjektiv;;
12;כל כך;so / so sehr;Andere;;
12;לפני;vor / bevor;Andere;;
12;נורא;furchtbar / sehr (Slang: wahnsinnig);Andere;;
  יחידה / Einheit 13;;;;;
13;זז;sich bewegen;Verb;;
13;טָס;fliegen;Verb;;
13;מבקר;besuchen;Verb;;
13;נָח;sich ausruhen;Verb;;
13;צם;fasten;Verb;;
13;שומר;bewachen / einhalten;Verb;;
13;אמהרית;Amharisch (Sprache);Nomen;;
13;גֶּעְז;Ge'ez (Sprache);Nomen;;
13;דג;Fisch;Nomen;;
13;דלת;Tür;Nomen;;
13;חור;Loch;Nomen;;
13;חלום;Traum;Nomen;;
13;יהדות;Judentum;Nomen;;
13;כביש;Straße / Fahrbahn;Nomen;;
13;כפר;Dorf;Nomen;;
13;מַחֲנֶה;Lager / Camp;Nomen;;
13;מטוס;Flugzeug;Nomen;;
13;מלך / מלכה;König / Königin;Nomen;;
13;מסורת;Tradition;Nomen;;
13;מקל;Stock / Stab;Nomen;;
13;מרכז;Zentrum / Mitte;Nomen;;
13;סימן;Zeichen / Symbol;Nomen;;
13;שכונה;Stadtviertel / Nachbarschaft;Nomen;;
13;ג׳ונגל;Dschungel;Nomen;;
13;מרתון;Marathon;Nomen;;
13;ספורט;Sport;Nomen;;
13;פארק;Park;Nomen;;
13;קונגרס;Kongress;Nomen;;
13;טעים;lecker / köstlich;Adjektiv;;
13;קרוב;nah / in der Nähe;Adjektiv;;
13;שֵׁמִי;semitisch;Adjektiv;;
13;כיף;Spaß / Vergnügen (Slang);Andere;;
13;אתמול;gestern;Andere;;
13;דרישת שלום;Grüße ausrichten;Andere;;
13;יום כיפור;Jom Kippur (Versöhnungstag);Nomen;;
13;יותר מִ...;mehr als...;Andere;;
13;מאוחר;spät;Andere;;
13;מאז;seitdem / seit;Andere;;
13;מאתיים;zweihundert;Zahl;;
13;שוב;wieder / nochmal;Andere;;
13;ראשון;erste/r/s;Zahl;;
13;שני;zweite/r/s;Zahl;;
13;שלישי;dritte/r/s;Zahl;;
13;רביעי;vierte/r/s;Zahl;;
13;חמישי;fünfte/r/s;Zahl;;
13;שישי;sechste/r/s;Zahl;;
13;שביעי;siebte/r/s;Zahl;;
13;שמיני;achte/r/s;Zahl;;
13;תשיעי;neunte/r/s;Zahl;;
13;עשירי;zehnte/r/s;Zahl;;
  יחידה / Einheit 14;;;;;
14;מברך;segnen / gratulieren;Verb;;
14;מְקַדֵּשׁ;segnen / heiligen;Verb;;
14;נועל;Schuhe anziehen;Verb;;
14;נופל;fallen;Verb;;
14;נותן;geben;Verb;;
14;עומד;stehen;Verb;;
14;קורא;rufen / lesen;Verb;;
14;אות;Buchstabe;Nomen;;
14;בן;Sohn / Junge;Nomen;;
14;בת;Tochter / Mädchen;Nomen;;
14;ברכה;Segensspruch / Glückwunsch;Nomen;;
14;דבר;Ding / Sache;Nomen;;
14;דבש;Honig;Nomen;;
14;זוג;Paar / Ehepaar;Nomen;;
14;חופש;Freiheit / Urlaub;Nomen;;
14;טבעת;Ring;Nomen;;
14;טקס;Zeremonie / Feier;Nomen;;
14;כְּתֻבָּה;Ketuba (Heiratsvertrag);Nomen;;
14;מזל;Glück / Sternzeichen;Nomen;;
14;מכונית;Auto;Nomen;;
14;מנהג;Brauch / Sitte;Nomen;;
14;משחק;Spiel;Nomen;;
14;נעל;Schuh;Nomen;;
14;חינה;Henna-Party;Nomen;;
14;קוֹקְטֵיְל;Cocktail;Nomen;;
14;שמפניה;Champagner;Nomen;;
14;תאוריה;Theorie;Nomen;;
14;אדום;rot;Adjektiv;;
14;מצחיק;lustig / komisch;Adjektiv;;
14;אי״ה;so Gott will (Abk.);Andere;;
14;בדרך כלל;in der Regel / normalerweise;Andere;;
14;בע״ה;mit Gottes Hilfe (Abk.);Andere;;
14;הולך לְ...;erfolgreich sein mit...;Andere;;
14;"ל""ג בָּעֹמֶר";Lag BaOmer (jüd. Feiertag);Andere;;
  יחידה / Einheit 15;;;;;
15;לוקח;nehmen;Verb;;
15;מצייר;zeichnen / malen;Verb;;
15;עוֹנֶה;antworten;Verb;;
15;פוחד;Angst haben / sich fürchten;Verb;;
15;אוזן;Ohr;Nomen;;
15;אמת;Wahrheit;Nomen;;
15;אף;Nase;Nomen;;
15;בטן;Bauch / Magen;Nomen;;
15;גב;Rücken;Nomen;;
15;גוף;Körper;Nomen;;
15;זאב;Wolf;Nomen;;
15;יומן;Tagebuch / Logbuch;Nomen;;
15;לב;Herz;Nomen;;
15;סמל;Symbol;Nomen;;
15;עיגול;Kreis;Nomen;;
15;עין;Auge;Nomen;;
15;פֶּה;Mund;Nomen;;
15;צוואר;Hals / Nacken;Nomen;;
15;צרה;Not / Ärger;Nomen;;
15;קו;Linie / Strich;Nomen;;
15;ראש;Kopf;Nomen;;
15;רגל;Bein / Fuß;Nomen;;
15;שן;Zahn;Nomen;;
15;שיער;Haar / Haare;Nomen;;
15;שרשרת;Kette / Halskette;Nomen;;
15;ארוך;lang;Adjektiv;;
15;בערך;ungefähr / circa;Andere;;
15;בתוך;in / innerhalb;Andere;;
15;שים לב;aufpassen / Acht geben;Andere;;
15;שנתיים;zwei Jahre;Andere;;
  יחידה / Einheit 16;;;;;
16;בוחר;wählen / auswählen;Verb;;
16;מתאים;passen / geeignet sein;Verb;;
16;אביב;Frühling;Nomen;;
16;אדמה;Erde / Boden / Land;Nomen;;
16;אש;Feuer;Nomen;;
16;חצב;Meerzwiebel (Blume);Nomen;;
16;נר;Kerze;Nomen;;
16;סוף;Ende;Nomen;;
16;סתיו;Herbst;Nomen;;
16;עונה;Jahreszeit;Nomen;;
16;צבע;Farbe;Nomen;;
16;רַווָּק / רווקה;Single (männl. / weibl.);Nomen;;
16;רופא / רופאה;Arzt / Ärztin;Nomen;;
16;חוּם;braun;Adjektiv;;
16;ירוק;grün;Adjektiv;;
16;לבן;weiß;Adjektiv;;
16;סגול;lila / violett;Adjektiv;;
16;צהוב;gelb;Adjektiv;;
16;גבוה;groß / hoch;Adjektiv;;
16;נמוך;klein / niedrig;Adjektiv;;
16;קריר;kühl / frisch;Adjektiv;;
16;רזה;schlank / dünn;Adjektiv;;
16;שָׁמֵן;dick / fett;Adjektiv;;
16;אפילו;sogar / selbst;Andere;;
16;השנה;dieses Jahr;Andere;;
16;זה לזה;einander / gegenseitig;Andere;;
16;כמעט;fast / beinahe;Andere;;
16;חתיך / חתיכה;gutaussehend (Slang);Andere;;
  יחידה / Einheit 17;;;;;
17;חוקר;forschen / untersuchen;Verb;;
17;כועס;wütend sein / sich ärgern;Verb;;
17;מוצא;finden / entdecken;Verb;;
17;מְסַדֵּר;ordnen / arrangieren;Verb;;
17;נולד;geboren werden;Verb;;
17;עוזר;helfen;Verb;;
17;אוֹצָר;Schatz;Nomen;;
17;אור;Licht;Nomen;;
17;בית המקדש;der Tempel;Nomen;;
17;זהב;Gold;Nomen;;
17;חוף;Strand / Küste;Nomen;;
17;חושך;Dunkelheit / Finsternis;Nomen;;
17;מגילה;Schriftrolle;Nomen;;
17;מערה;Höhle;Nomen;;
17;נוצרי / נוצרייה;Christ / Christin;Nomen;;
17;נְחוֹשֶׁת;Kupfer;Nomen;;
17;פגישה;Treffen / Begegnung;Nomen;;
17;אינפורמציה;Information;Nomen;;
17;היסטוריון / היסטוריונית;Historiker/in;Nomen;;
17;פילולוג / פילולוגית;Philologe / Philologin;Nomen;;
17;פנטזיה;Fantasie;Nomen;;
17;קומונה;Kommune / Wohngemeinschaft;Nomen;;
17;תאולוג / תאולוגית;Theologe / Theologin;Nomen;;
17;עייף;müde;Adjektiv;;
17;רע;böse / schlecht;Adjektiv;;
17;ברגל;zu Fuß;Andere;;
17;לַסְּפִירָה;nach Christus (Zeitrechnung);Andere;;
  יחידה / Einheit 18;;;;;
18;גומר;beenden / fertig sein;Verb;;
18;חי;leben;Verb;;
18;ישן;schlafen;Verb;;
18;מְנַקֶּה;putzen / reinigen;Verb;;
18;מְרַכֵל;klatschen / tratschen;Verb;;
18;צוחק;lachen;Verb;;
18;אוֹרֵחַ / אורחת;Gast;Nomen;;
18;אח / אחות;Bruder / Schwester;Nomen;;
18;בַּמַּאי / במאית;Regisseur/in;Nomen;;
18;בשר;Fleisch;Nomen;;
18;חולצה;Hemd / T-Shirt / Bluse;Nomen;;
18;ידיד / ידידה;Freund / Freundin;Nomen;;
18;כלי;Gerät / Instrument / Gefäß;Nomen;;
18;לימודים;Studium / Lernen;Nomen;;
18;מלפפון;Gurke;Nomen;;
18;מרק;Suppe;Nomen;;
18;נכד / נכדה;Enkel / Enkelin;Nomen;;
18;סבא / סבתא;Großvater / Großmutter;Nomen;;
18;צלחת;Teller;Nomen;;
18;תפוח אדמה;Kartoffel;Nomen;;
18;אֵירוֹבִּיקָה;Aerobic;Nomen;;
18;יוגורט;Joghurt;Nomen;;
18;ספורטאי / ספורטאית;Sportler/in;Nomen;;
18;בָּטוּחַ;sicher / überzeugt;Adjektiv;;
18;מפורסם;berühmt;Adjektiv;;
18;נשוי / נשואה;verheiratet;Adjektiv;;
18;רגיל;gewöhnlich / normal;Adjektiv;;
18;כאן;hier;Andere;;
18;פּוּרִים;Purim (jüd. Feiertag);Nomen;;
18;שעתיים;zwei Stunden;Andere;;
  יחידה / Einheit 19;;;;;
19;בודק;prüfen / überprüfen;Verb;;
19;יוצא;hinausgehen / ausgehen;Verb;;
19;פותח;öffnen / aufmachen;Verb;;
19;אריה;Löwe;Nomen;;
19;בָּצָל;Zwiebel;Nomen;;
19;גזר;Karotte / Möhre;Nomen;;
19;גן חיות;Zoo;Nomen;;
19;חוקר / חוקרת;Forscher/in;Nomen;;
19;חיה;Tier;Nomen;;
19;סבלנות;Geduld;Nomen;;
19;פלפל;Paprika / Pfeffer;Nomen;;
19;צמח;Pflanze;Nomen;;
19;קבוצה;Gruppe;Nomen;;
19;קוף;Affe;Nomen;;
19;קמח;Mehl;Nomen;;
19;קֶשֶׁר;Verbindung / Beziehung;Nomen;;
19;שָׁכֵן / שכנה;Nachbar / Nachbarin;Nomen;;
19;שמן;Öl;Nomen;;
19;שַׁעַר;Tor / Eingang;Nomen;;
19;תוכנית;Plan / Programm;Nomen;;
19;אקווריום;Aquarium;Nomen;;
19;בּוֹטָנִי;botanisch;Adjektiv;;
19;גיטרה;Gitarre;Nomen;;
19;גִ'ירָפָה;Giraffe;Nomen;;
19;היפופוטם;Nilpferd;Nomen;;
19;זברה;Zebra;Nomen;;
19;טרופי;tropisch;Adjektiv;;
19;שימפנזה;Schimpanse;Nomen;;
19;אחר כך;danach / später;Andere;;
19;אין בעד מה;bitte / gern geschehen;Andere;;
19;המון;eine Menge / sehr viel;Andere;;
19;עוד מעט;gleich / in einer Weile;Andere;;
19;צריך;brauchen / müssen;Andere;;
19;קודם;zuerst / vorher;Andere;;
  יחידה / Einheit 20;;;;;
20;זוכר;sich erinnern;Verb;;
20;להגיד;sagen / erzählen;Verb;;
20;סוגר;schließen / zumachen;Verb;;
20;שוכח;vergessen;Verb;;
20;חייל / חיילת;Soldat / Soldatin;Nomen;;
20;כוח;Kraft / Stärke;Nomen;;
20;מדינה;Staat / Land;Nomen;;
20;ממשלה;Regierung;Nomen;;
20;נשיא / נשיאה;Präsident/in;Nomen;;
20;פרסומת;Werbung;Nomen;;
20;קוֹנֶה;Käufer;Nomen;;
20;ראש ממשלה;Premierminister/in;Nomen;;
20;ראש עיר;Bürgermeister/in;Nomen;;
20;שביתה;Streik;Nomen;;
20;אַנְטִישֵׁמִיּוּת;Antisemitismus;Nomen;;
20;גרפיקאי / גרפיקאית;Grafiker/in;Nomen;;
20;טון;Tonne;Nomen;;
20;סבון;Seife;Nomen;;
20;סוציולוג / סוציולוגית;Soziologe / Soziologin;Nomen;;
20;פוליטיקאי / פוליטיקאית;Politiker/in;Nomen;;
20;שַׁמְפּוּ;Shampoo;Nomen;;
20;רָעֵב;hungrig;Adjektiv;;
20;שֶׁ...;dass... (Konjunktion);Andere;;
20;השבוע;diese Woche;Andere;;
20;פעם;einmal / früher;Andere;;
  יחידה / Einheit 21;;;;;
21;להכיר;kennenlernen / erkennen;Verb;;
21;מגיע;ankommen / verdienen;Verb;;
21;פונה;sich wenden / fragen;Verb;;
21;ביצה;Ei;Nomen;;
21;חסה;Kopfsalat / Salat;Nomen;;
21;טעות;Fehler / Irrtum;Nomen;;
21;מדע;Wissenschaft;Nomen;;
21;מנורה;Lampe / Menora;Nomen;;
21;נביא / נביאה;Prophet/in;Nomen;;
21;נהג / נהגת;Fahrer/in;Nomen;;
21;עז;Ziege;Nomen;;
21;פסוק;Bibelvers;Nomen;;
21;רעיון;Idee / Gedanke;Nomen;;
21;תחנה;Haltestelle / Bahnhof;Nomen;;
21;תפוח;Apfel;Nomen;;
21;תרנגול / תרנגולת;Hahn / Henne;Nomen;;
21;אורגנו;Oregano;Nomen;;
21;בזיליקום;Basilikum;Nomen;;
21;דולר;Dollar;Nomen;;
21;ויזה;Visum;Nomen;;
21;פטרוזיליה;Petersilie;Nomen;;
21;חכם;klug / weise;Adjektiv;;
21;מרכזי;zentral;Adjektiv;;
21;גן עדן;Paradies / Garten Eden;Andere;;
21;בני ישראל;das Volk Israel / Kinder Israels;Andere;;
21;זהירות!;Vorsicht! / Achtung!;Andere;;
21;יכול;können / in der Lage sein;Andere;;
21;כלום;nichts;Andere;;
21;על לא דבר;bitte / gern geschehen;Andere;;
21;עץ הדעת;der Baum der Erkenntnis;Andere;;
21;מרווה;Salbei (Pflanze);Andere;;
21;שיר השירים;Das Hohelied (Bibel);Andere;;
21;תאנה;Feige;Nomen;;
21;תמר;Dattel (Frucht / Baum);Nomen;;
  יחידה / Einheit 22;;;;;
22;מוריד;herunterbringen / abnehmen;Verb;;
22;בגד ים;Badeanzug / Badehose;Nomen;;
22;חָאקִי;Khaki;Nomen;;
22;חופשה;Urlaub / Ferien;Nomen;;
22;חצאית;Rock (Kleidung);Nomen;;
22;חשמל;Strom / Elektrizität;Nomen;;
22;מושב;Siedlung / Sitz;Nomen;;
22;מכנסיים;Hose;Nomen;;
22;מעיל;Mantel / Jacke;Nomen;;
22;פתרון;Lösung;Nomen;;
22;פתק;Zettel / Notiz;Nomen;;
22;שמלה;Kleid;Nomen;;
22;בוטיק;Boutique;Nomen;;
22;מודל;Model / Modell;Nomen;;
22;נוֹסְטַלְגְּיָה;Nostalgie;Nomen;;
22;סוודר;Pullover / Sweatshirt;Nomen;;
22;קָרִיקָטוּרָה;Karikatur;Nomen;;
22;חזק;stark / kräftig;Adjektiv;;
22;טיפש;dumm / blöd;Adjektiv;;
22;טרי;frisch;Adjektiv;;
22;מאושר;glücklich / gesegnet;Adjektiv;;
22;נוח;bequem / komfortabel;Adjektiv;;
22;תנ״כי;biblisch;Adjektiv;;
22;אופטימי;optimistisch;Adjektiv;;
22;פסימי;pessimistisch;Adjektiv;;
22;לכן;deshalb / daher;Andere;;
22;אף אחד;niemand / keiner;Andere;;
22;חבל!;schade! / wie schade!;Andere;;
  יחידה / Einheit 23;;;;;
23;חולה;krank sein;Verb;;
23;חולם;träumen;Verb;;
23;מת;sterben;Verb;;
23;שוקל;wiegen / abwägen;Verb;;
23;אבן;Stein;Nomen;;
23;אגדה;Legende / Märchen;Nomen;;
23;אומן / אומנית;Künstler/in;Nomen;;
23;בניין;Gebäude / Bauwerk;Nomen;;
23;התחלה;Anfang / Beginn;Nomen;;
23;חומה;Mauer / Stadtmauer;Nomen;;
23;מחלה;Krankheit;Nomen;;
23;מצב;Lage / Zustand / Situation;Nomen;;
23;סופר / סופרת;Schriftsteller/in;Nomen;;
23;פיל ;Elefant ;Nomen;;
23;תמונה;Bild / Gemälde / Foto;Nomen;;
23;תְּנַאי;Bedingung;Nomen;;
23;נקי;sauber / rein;Adjektiv;;
23;עשיר;reich;Adjektiv;;
23;קדוש;heilig;Adjektiv;;
23;רחוק;weit / entfernt;Adjektiv;;
23;העירה;in die Stadt;Andere;;
23;מִזְּמַן;vor langer Zeit;Andere;;
23;מחוץ לְ...;außerhalb von...;Andere;;
23;מסביב לְ...;rund um / herum;Andere;;
23;עוד פעם;noch einmal / wieder;Andere;;
  יחידה / Einheit 24;;;;;
24;כואב;wehtun / schmerzen;Verb;;
24;כובש;erobern / einnehmen;Verb;;
24;מאמין;glauben;Verb;;
24;עוזב;verlassen / weggehen;Verb;;
24;שוכב;liegen;Verb;;
24;גְּבֶרֶת;Frau / Gnädige Frau;Nomen;;
24;דת;Religion;Nomen;;
24;הלכה;jüdisches Religionsgesetz;Nomen;;
24;חום;Hitze / Fieber;Nomen;;
24;כאב;Schmerz;Nomen;;
24;כתובת;Adresse;Nomen;;
24;מזוודה;Koffer;Nomen;;
24;משטרה;Polizei;Nomen;;
24;משורר / משוררת;Dichter/in;Nomen;;
24;נפש;Seele / Geist;Nomen;;
24;קהילה;Gemeinschaft / Gemeinde;Nomen;;
24;רפואה;Medizin / Heilkunde;Nomen;;
24;שוטר / שוטרת;Polizist/in;Nomen;;
24;שמחה;Freude / Freudenfest;Nomen;;
24;תאריך;Datum;Nomen;;
24;תעודה;Ausweis / Zeugnis / Dokument;Nomen;;
24;תקופה;Periode / Epoche / Ära;Nomen;;
24;אַי-קְיוּ;IQ;Nomen;;
24;אקמול;Acamol (Schmerzmittel);Nomen;;
24;מוסלמי / מוסלמית;Muslim / Muslimin;Nomen;;
24;פיזיקה;Physik;Nomen;;
24;חופשי;frei;Adjektiv;;
24;בין;zwischen;Andere;;
24;בן בית;Stammgast / Vertrauter;Andere;;
24;בעוד;in... (in einer Stunde etc.);Andere;;
24;הערב;heute Abend;Andere;;
24;כל הכבוד!;Bravo! / Alle Achtung!;Andere;;
24;מעט;wenig / ein bisschen;Andere;;
24;קרוב לְ...;nahe bei... / in der Nähe von;Andere;;
  יחידה / Einheit 25;;;;;
25;מטלפן;telefonieren / anrufen;Verb;;
25;מלמד;unterrichten / lehren;Verb;;
25;שובר;brechen / zerbrechen;Verb;;
25;בֶּן דּוֹד / בַּת דּוֹד ;Cousin / Cousine;Nomen;;
25;בריכה;Schwimmbad / Becken;Nomen;;
25;ויכוח;Streit / Diskussion;Nomen;;
25;מקדש;Tempel;Nomen;;
25;סלע;Fels / Stein;Nomen;;
25;עבר;Vergangenheit;Nomen;;
25;עמוד;Säule / Stange;Nomen;;
25;שֵׁבֶט;Stamm;Nomen;;
25;תּוֹשָׁב / תושבת;Einwohner/in / Bewohner/in;Nomen;;
25;תרופה;Medikament / Arznei;Nomen;;
25;אֵיְדְּס;AIDS;Nomen;;
25;גאולוג / גאולוגית;Geologe / Geologin;Nomen;;
25;פּוֹלְיוֹ;Polio;Nomen;;
25;זקן;alt / betagt;Adjektiv;;
25;שונה;anders / verschieden;Adjektiv;;
25;בדיוק;genau / exakt;Andere;;
25;הכי;am meisten / am... -sten (Superlativ);Andere;;
25;לוחות הברית;die Gesetzestafeln / Bundeslade;Andere;;
25;שטויות;Unsinn / Quatsch;Andere;;
  יחידה / Einheit 26;;;;;
26;גדל;wachsen / aufwachsen;Verb;;
26;מחמם;aufwärmen;Verb;;
26;מעשן;rauchen;Verb;;
26;נכנס;eintreten / hineingehen;Verb;;
26;נפגש;sich treffen;Verb;;
26;נשאר;bleiben;Verb;;
26;עוצר;anhalten / stoppen;Verb;;
26;שוחה;schwimmen;Verb;;
26;אתר;Stätte / Website;Nomen;;
26;חוק;Gesetz;Nomen;;
26;טיילת;Promenade / Uferweg;Nomen;;
26;ימין;rechts / die rechte Seite;Nomen;;
26;כנסייה;Kirche;Nomen;;
26;מטבע;Münze;Nomen;;
26;מסגד;Moschee;Nomen;;
26;נצרות;Christentum;Nomen;;
26;צד;Seite;Nomen;;
26;שמאל;links / die linke Seite;Nomen;;
26;תיירות;Tourismus;Nomen;;
26;איסלאם;Islam;Nomen;;
26;דמקה;Damespiel / Checkers;Nomen;;
26;טבעי;natürlich;Adjektiv;;
26;עני;arm / bedürftig;Adjektiv;;
26;מול;gegenüber / vor;Andere;;
26;נודניק / נודניקית;Nervensäge / Quälgeist;Andere;;
26;אדוני;mein Herr ;Andere;;
26;אחורה;rückwärts / nach hinten;Andere;;
26;אם;wenn / falls;Andere;;
26;אסור;verboten;Andere;;
26;אפשר;möglich / man kann;Andere;;
26;הים התיכון;das Mittelmeer;Nomen;;
26;המזרח התיכון;der Nahe Osten;Nomen;;
26;העולם הבא;das Jenseits;Nomen;;
26;למעלה;nach oben / oben;Andere;;
26;מותר;erlaubt / darf;Andere;;
26;קדימה;vorwärts / nach vorne;Andere;;
  יחידה / Einheit 27;;;;;
27;מדליק;anzünden / einschalten;Verb;;
27;מחליט;entscheiden;Verb;;
27;מסכים;zustimmen / einverstanden sein;Verb;;
27;מקשיב;zuhören;Verb;;
27;אחוז;Prozent;Nomen;;
27;אמונה;Glaube / Überzeugung;Nomen;;
27;חברה;Gesellschaft / Firma;Nomen;;
27;חלק;Teil;Nomen;;
27;יחס;Verhältnis / Einstellung;Nomen;;
27;מֶחְקָר;Forschung / Studie;Nomen;;
27;מָכוֹן;Institut;Nomen;;
27;סביבון;Dreidel (Kreisel);Nomen;;
27;נס;Wunder;Nomen;;
27;קידוש;Kiddusch (Segensspruch);Nomen;;
27;שַׁפַּעַת;Grippe;Nomen;;
27;בוס / בוסית;Chef/in / Boss;Nomen;;
27;דמוקרטי;demokratisch;Adjektiv;;
27;ויטמין;Vitamin;Nomen;;
27;סוֹצְיָאלִיסְטִי;sozialistisch;Adjektiv;;
27;חילוני;säkular / weltlich;Adjektiv;;
27;במשך;während / im Laufe von;Andere;;
27;חנוכה;Chanukka;Nomen;;
27;כדאי;es lohnt sich / es empfiehlt sich;Andere;;
27;מוקדם;früh / frühzeitig;Andere;;
27;פחות מִ...;weniger als...;Andere;;
27;סדר פסח;Pessach-Seder (Abendessen);Nomen;;
27;סוף-סוף;endlich / schließlich;Andere;;
27;רוב;Mehrheit / die meisten;Andere;;
27;חֶבְרֶה;Jungs / die Gang (Slang);Andere;;
  יחידה / Einheit 28;;;;;
28;הורג;töten / umbringen;Verb;;
28;מבטיח;versprechen;Verb;;
28;מנסה;versuchen;Verb;;
28;מסתכל;schauen / betrachten;Verb;;
28;משפיע;beeinflussen;Verb;;
28;משתמש;benutzen / verwenden;Verb;;
28;מתאהב;sich verlieben;Verb;;
28;מתנדב;freiwillig helfen / sich engagieren;Verb;;
28;תופס;fangen / festhalten;Verb;;
28;אוויר;Luft;Nomen;;
28;אֵם;Mutter;Nomen;;
28;בית ספר תיכון;Gymnasium / Oberschule;Nomen;;
28;מחזה;Theaterstück;Nomen;;
28;מחמאה;Kompliment;Nomen;;
28;שגיאה;Fehler;Nomen;;
28;תפקיד;Rolle / Aufgabe;Nomen;;
28;תרבות;Kultur;Nomen;;
28;אמיתי;echt / wahrhaftig;Adjektiv;;
28;זָר;fremd ;Adjektiv;;
28;בלב שלם;von ganzem Herzen;Andere;;
28;מיד;sofort / gleich;Andere;;
28;נאצי;Nazi;Andere;;
